,name,aspect_ratio,brightness,contrast,sharpness,noise,saturation,entropy,edges,estimate_noise,red_channel,blue_channel,green_channel
0,kangaroos,-0.11467408316904308,-0.025326928850814702,-0.03691139770977618,-0.002350163648000417,0.11374431393791226,-0.04085793254316789,0.04437948740607145,-0.039412538226123915,-0.003407555242476714,0.079820412652754,-0.08123647127360652,-0.030721720405013232
1,mouse,-0.05521608692641368,-0.0545041999306874,0.08941034424059972,-0.04734363875340239,0.07508882530907957,0.10438351772004908,0.03809218533366041,-0.13367257856224038,-0.09840415820812388,0.03150586769846237,0.07937128103478588,-0.06723989212669357
2,windows,,0.06516144255483287,0.09204213003447383,0.1672279201796095,0.2336407059665318,0.1767076725156636,0.2841013881692071,0.18770080245226672,0.12714410023676093,0.0764699411911103,0.04072964656172886,-0.09022069026050694
3,zebra,-0.0694531384095463,0.17283524790468957,-0.059613029095514296,-0.0800261853535892,-0.09336477860977765,,0.04346177008683438,-0.04640704440338929,-0.10525900390537127,,,
