,name,aspect_ratio,brightness,contrast,sharpness,noise,saturation,entropy,edges,estimate_noise,red_channel,blue_channel,green_channel
0,kangaroos,-0.11467408316904308,-0.025326928850814702,-0.03691139770977618,-0.002350163648000417,0.11374431393791226,-0.04085793254316789,0.04437948740607145,-0.11118287727318235,-0.003407555242476714,0.034964391910183565,-0.04124030707339304,-0.019574656203333506
1,mouse,-0.05521608692641368,-0.0545041999306874,0.08941034424059972,-0.04734363875340239,0.07508882530907957,0.10438351772004908,0.03809218533366041,-0.11588008290263858,-0.09840415820812388,-0.040919716581830926,-0.040603457533426555,-0.07556469473135603
2,windows,,0.06516144255483287,0.09204213003447383,0.1672279201796095,0.2336407059665318,0.1767076725156636,0.2841013881692071,0.18770080245226675,0.12714410023676093,0.07409697911813187,0.0671278531355449,0.05903652828195627
3,zebra,-0.0694531384095463,0.17283524790468957,-0.059613029095514296,-0.0800261853535892,-0.09336477860977765,,0.04346177008683438,-0.058433591833671986,-0.10525900390537127,0.17267724203684412,0.17267724203684412,0.17267724203684412
