,coco128,mouse,zebra,windows,kangaroos
0,0.9163825741152031,0.7886820985788364,0.9177259308310955,0.26440980396899016,0.8589805546329635
